{"train_loss": 0.044057100684365774, "val_loss": 0.0009382420806972266, "val_accuracy": 100.0}