{"train_loss": 0.059452764539665345, "val_loss": 0.005869575709830103, "val_accuracy": 99.89073028592242}